id,nombre,email,telefono,tipo
1,Esmeralda Quiñónez Reséndez,zelayaruben@crespo.org,097-320-6697x90053,Corporativo
2,Jaqueline José Emilio Mejía Calderón,yolandaamador@paez.org,+57(3)1476491937,Corporativo
3,Lic. Claudia Salazar,pcordova@yahoo.com,126.338.1754x1070,Individual
4,Tomás Alejandra Narváez Sanabria,mariaangulo@alvarez.info,(553)204-6091x46192,Individual
5,Berta Germán Orellana Roque,ncarrera@hotmail.com,1-526-121-8854x45025,Individual
6,Carolina Clara Trujillo,jacinto99@gmail.com,591-295-7694x316,Individual
7,Inés Salinas Carmona,enriquerojas@mares-caraballo.com,417.655.9460,Individual
8,Hermelinda Juana Aponte,nataliagallardo@hotmail.com,00152317672,Individual
9,Florencia Héctor Jáquez Fonseca,ireneabreu@yahoo.com,(567)083-1272x284,Individual
10,Ana Rivera Peralta,ncotto@hotmail.com,736-369-8764,Corporativo
11,Teresa Casanova,vacapedro@yahoo.com,08217721040,Individual
12,Amador Guzmán,candelariaadriana@yahoo.com,(951)319-8257,Corporativo
13,Esparta María Piña Curiel,jaramilloisaac@palomo.org,(149)134-9055x2266,Corporativo
14,Octavio Peralta Armenta,minerva34@gmail.com,+90(7)0773435110,Corporativo
15,Mitzy Tomás Holguín,velezbruno@corporacin.net,(788)328-9860x6929,Individual
16,Gilberto Sevilla Anaya,iglesiasmarcela@yahoo.com,072-258-3724x95969,Individual
17,Isabela Palomo Mireles,luzarevalo@mateo-estrada.com,1-262-729-4771x991,Corporativo
18,Esparta Pedroza Godínez,ibarragregorio@fernandez-escalante.com,536-744-9493,Corporativo
19,Mónica Polanco,tania86@yahoo.com,735-502-7990x030,Corporativo
20,Sr(a). Bianca Cano,rocio67@hotmail.com,1-342-471-2034,Corporativo
21,Eva Carreón,robertocasarez@toro-ruiz.com,00029924872,Individual
22,Luisa Alicia Tejada Robles,osaiz@campos-valles.biz,+81(7)0344678973,Corporativo
23,Rodrigo Ramón Fonseca Juárez,jose-manuelchacon@orellana-cavazos.info,1-250-001-9577x01472,Individual
24,Marisol Estela Benavídez Hurtado,maderacitlali@industrias.com,1-217-416-8549x2050,Individual
25,Mtro. Cecilia Mercado,soledadgodinez@hotmail.com,05989611995,Individual
26,Teodoro Vicente Figueroa Lira,ibenavides@yahoo.com,1-410-820-9858x0106,Individual
27,Nelly María Eugenia Garica,trinidadgracia@hotmail.com,(105)886-2154x71420,Individual
28,Mtro. María del Carmen Hidalgo,qgallegos@yahoo.com,984.667.1811x0509,Corporativo
29,Flavio Henríquez Armas,vmalave@iglesias-rosado.info,065.503.6162x3257,Individual
30,María del Carmen Genaro Ceja Hernandes,gespinoza@crespo.com,+72(9)8820772264,Corporativo
31,Mtro. Jorge Quesada,lbueno@gmail.com,170-697-4611,Individual
32,Leonel Sofía Santillán,carrascoyuridia@hotmail.com,09749085162,Individual
33,Raúl Grijalva Lucero,elvia32@yahoo.com,768.509.4844x25472,Individual
34,Humberto Celia Quezada,morailse@menendez-aguilar.com,139-928-1820,Corporativo
35,Araceli Cervántez,mayaalejandra@gmail.com,277-835-8041,Individual
36,Jesús Genaro Treviño Lozada,delgadouriel@proyectos.com,00077212828,Corporativo
37,Leonor Cortez Avilés,blancasantiago@carrion.biz,+23(2)9269316183,Individual
38,Roberto Guardado Acuña,araceli58@paz.biz,765-905-3218x92810,Individual
39,Dulce María Roberto Robledo de la Crúz,qmaya@apodaca.net,(876)270-1063x41037,Individual
40,Rebeca Barajas,alejandro59@yahoo.com,952-608-5917x055,Individual
41,Timoteo Luisa Adame,mondragonalejandro@cordero.com,1-024-014-3454x545,Corporativo
42,María José Arce,eugeniobriones@barajas.com,1-567-497-6374x86414,Corporativo
43,Victoria Olivera,alma77@yahoo.com,186.942.4357,Corporativo
44,Fabiola Preciado,fridaurrutia@yahoo.com,1-793-252-2919,Corporativo
45,Sr(a). Nicolás Cano,barbara12@hotmail.com,1-535-974-6336x1116,Corporativo
46,Berta Centeno Briones,gsegura@garica.com,+36(2)7008129304,Individual
47,Micaela Jacinto Miranda,bcalvillo@yahoo.com,02690947493,Corporativo
48,Lic. Jonás Macías,gallegosandrea@gmail.com,228-321-3746x425,Corporativo
49,Ilse García,abigailleon@mendoza.com,533.599.0257x1201,Corporativo
50,Juan Cabrera,zirizarry@castaneda.com,320-513-8034x502,Corporativo
51,Emilia Berríos Cavazos,elenateran@proyectos.com,08855299811,Individual
52,Georgina Lugo,xviera@corporacin.biz,715-912-8343x2199,Corporativo
53,Silvia José Carlos Casárez,malavefabiola@tovar.org,394.643.5770x6070,Corporativo
54,Espartaco Ricardo Rascón,perla58@yahoo.com,+52(1)2925197574,Individual
55,Abel Rodríguez,elviraquintana@olvera.net,1-008-903-4221x672,Individual
56,José Luis Pantoja Rodarte,mariaruiz@yahoo.com,(003)435-6342,Corporativo
57,José Alejandro Gonzales,talmaraz@gmail.com,(906)179-5126,Corporativo
58,Natividad Fuentes,maria-elena04@amaya-armenta.com,(594)466-1656,Corporativo
59,Mitzy Abel Valverde,ilsesaldana@salinas-corral.com,1-837-198-4582x79980,Individual
60,Rosa Graciela Melgar Olivera,cadenaalfredo@gmail.com,373-418-9772x472,Individual
61,Homero Valle,qarmendariz@angulo.com,(761)566-0741x697,Individual
62,Dr. Abraham Ballesteros,eserna@corporacin.com,053.500.0423,Corporativo
63,Joaquín Paola Tejeda,modestobecerra@despacho.com,03885129380,Individual
64,Olga Mota,kburgos@despacho.com,737-916-7823x77422,Individual
65,Josefina Miguel Ángel Montez Marín,samuelavalos@guajardo.net,862-881-8878,Individual
66,Sr(a). Berta Nava,urobles@barela.com,+46(5)4411741244,Corporativo
67,Salma Chapa Saldaña,rodrigo61@cordova-godinez.net,(348)041-8104x76348,Individual
68,Clara Echeverría,brunoozuna@industrias.net,(846)752-4470,Corporativo
69,Cristian Estela Altamirano Preciado,jolvera@gmail.com,(475)151-0598x767,Corporativo
70,Esperanza Hinojosa,wpizarro@despacho.com,06261747887,Corporativo
71,Lic. Pedro Grijalva,jose-carlos46@gmail.com,(838)687-4140,Corporativo
72,Rufino Armando Arias Vásquez,anguianogloria@hotmail.com,+34(9)1056801404,Individual
73,Georgina Anabel Alcala Reyna,henriquezyolanda@duran-reynoso.org,517.534.3814x715,Corporativo
74,Iván Isabel Carrero,silvia91@guillen.info,1-810-492-1313x11563,Corporativo
75,Judith Aparicio Rocha,nayelinegron@yahoo.com,518.829.7576x100,Corporativo
76,José Carlos Espinoza Bravo,lemusdulce-maria@yahoo.com,1-769-736-3961x6260,Corporativo
77,Emilia Escobedo,friascristal@montalvo.com,107.898.7564x871,Corporativo
78,Úrsula Tejeda,hinojosaangelica@alejandro.net,(639)055-4366,Individual
79,Jorge Luis Renato Castañeda,malaveclaudia@gmail.com,(973)569-7625x74090,Corporativo
80,Karla Micaela Arguello,floresruben@figueroa-palacios.biz,064-313-1892,Corporativo
81,Mónica Cazares Vásquez,estevezricardo@gmail.com,427-911-7457,Individual
82,Cristian Aponte Sanabria,guillenpilar@industrias.biz,(329)124-1583,Corporativo
83,Natalia Beatriz Villaseñor,candelariaalta-gracia@despacho.com,(656)343-4298x596,Individual
84,Paulina Bianca Garrido,carreraclaudia@industrias.net,308.929.9455,Individual
85,Adriana Gerardo Cavazos,julio-cesarmendez@club.com,(472)641-4515,Individual
86,Francisco Antonia Marrero,wurrutia@hotmail.com,1-614-392-1882,Individual
87,Mauricio Llamas,claudiotellez@laboratorios.com,540-599-6601x256,Corporativo
88,Norma Urrutia,deliarael@gmail.com,1-812-691-2879,Corporativo
89,Ángel Bustos,sanchezrocio@corporacin.net,(549)970-6513x5127,Corporativo
90,Guadalupe Partida Saldaña,uvalles@corporacin.org,1-223-842-2593,Individual
91,Dr. Hernán Almanza,sierraoswaldo@club.org,522-365-5236x9686,Corporativo
92,Ernesto Jesús Osorio Guerrero,porfiriosuarez@hotmail.com,+38(0)4999476068,Corporativo
93,Silvia Gonzalo Saiz,espinosessa@gmail.com,795-639-7495x4143,Corporativo
94,Mtro. Cynthia Vanegas,ccotto@gmail.com,854.294.6572x12595,Corporativo
95,Ing. Renato Vela,rodolfocazares@hotmail.com,+76(4)7409360733,Individual
96,Ing. Isabela Rico,arceliaespinal@hotmail.com,664-420-6677,Corporativo
97,Dr. Vanesa Brito,laurarivera@gmail.com,1-674-740-6891,Individual
98,Alta  Gracia Cruz Fierro,pabonesmeralda@renteria.com,(967)497-0003x661,Individual
99,Dr. Pedro Mascareñas,silvano40@hotmail.com,08733102534,Individual
100,Elsa Saavedra,juliagaribay@gmail.com,+54(7)3692868497,Corporativo
101,Susana Longoria Burgos,polanconoemi@yahoo.com,1-743-863-6604x6539,Individual
102,Micaela Abraham Tamez,calvilloemilio@yahoo.com,158.988.4553,Corporativo
103,Marisol Daniel Tijerina de la Rosa,hermelindarubio@gmail.com,1-951-215-6518x395,Individual
104,Yuridia Valentín Rodríguez,baezeugenia@gmail.com,791.745.0373x5045,Corporativo
105,Lic. Leticia Chavarría,jose-manuelgaitan@hotmail.com,480-008-5441x339,Individual
106,Mariana Montenegro Ruelas,aida26@laboratorios.com,564-437-2631x7468,Individual
107,Mtro. Olga Villalpando,guajardojulia@yahoo.com,526.740.2760x6768,Individual
108,María Teresa Caballero,cruzrosalia@yahoo.com,(930)759-6900x72284,Corporativo
109,Zeferino Javier Ocampo,federico47@hotmail.com,(035)875-8211,Corporativo
110,Rosalia Karina Acosta,ana-luisacarvajal@laboratorios.info,(772)233-9000,Individual
111,Pablo Sierra,atovar@quinones-montoya.info,059-774-7586x197,Individual
112,Isaac Alvaro Vargas Ríos,tania29@proyectos.net,873.650.4800,Individual
113,César Miranda,wmenchaca@hotmail.com,(370)709-4776,Individual
114,Gabino Carolina Varela Ojeda,nberrios@yahoo.com,198-361-2940x8214,Individual
115,Abel Alva Prado,elviaolvera@gmail.com,792-501-4259x1496,Individual
116,Ing. Gilberto Garibay,nievesmercedes@chavez.com,1-800-154-8775,Corporativo
117,Ing. Elvira Suárez,lorena93@hotmail.com,1-682-130-2545x5731,Individual
118,Elsa Vargas,marisol00@gmail.com,185.357.4690x797,Corporativo
119,Arturo Jorge Padilla,granadofrancisco@yahoo.com,211.708.8610x8914,Corporativo
120,Nayeli Páez Barrios,helena40@gmail.com,1-513-398-3492x18405,Individual
121,Araceli Lemus Toro,micaela25@yahoo.com,756-889-5769x680,Corporativo
122,Jesús Prado Benítez,benitezsofia@gmail.com,(723)640-1470x553,Corporativo
123,Lorenzo Elizondo Valdés,guajardorodrigo@proyectos.com,(631)296-0715x8975,Corporativo
124,Germán Amanda Soria Tórrez,ortajaqueline@yahoo.com,(436)662-3968x2251,Individual
125,Dr. Adriana Guerrero,oswaldo43@hotmail.com,181-002-3233x255,Corporativo
126,Hilda Jasso,lcamacho@gmail.com,460-942-2614x8493,Individual
127,Rosa Adalberto Rentería Figueroa,dario04@hotmail.com,746-579-6601,Corporativo
128,Eva Eloisa Cortés Feliciano,tmontanez@hotmail.com,498.980.8530x3153,Corporativo
129,Estefanía Jiménez,jeronimo14@peralta-benavidez.net,334.687.4629x09759,Individual
130,Sonia Montes,vicentegranado@corporacin.org,+11(6)4751541550,Individual
131,Georgina María José Castañeda,avilarolando@proyectos.com,613-546-7356,Individual
132,Leticia Coronado Tamayo,tomascortez@valladares-guerra.com,215.559.3407x6840,Individual
133,Ing. Mayte Roldán,espartavigil@rosario-davila.com,1-953-731-4155,Corporativo
134,Sofía Garza Zarate,mayorgaagustin@yahoo.com,1-188-188-1457,Individual
135,Isabela Jáquez Tovar,cgaray@medina.com,325.049.6785x29988,Corporativo
136,Ivonne Salcedo,octaviosepulveda@paez.com,03703713196,Individual
137,Rubén Emiliano Curiel Madrid,yuridia88@proyectos.com,1-327-661-1820x9749,Individual
138,Lucía Corral Armenta,duranoscar@gmail.com,(439)686-9396x65906,Corporativo
139,Lic. Trinidad Montalvo,pascualbadillo@corporacin.info,(018)549-2124x0542,Corporativo
140,Dr. Francisco Urrutia,ucardona@hotmail.com,108.849.7707x16781,Corporativo
141,Jaime Cristina Ozuna Valverde,evagastelum@gaytan.com,940-774-4151x8143,Corporativo
142,Ing. Diego Padrón,ilsearteaga@gonzales.com,1-465-593-5752x0800,Individual
143,Yeni Bravo Espinosa,gastelumivonne@gmail.com,(941)020-3516,Corporativo
144,Lic. Rodrigo Benavídez,susana93@grupo.com,843-798-4799,Corporativo
145,Ing. Julio César de la Crúz,bayala@gmail.com,875-225-5687,Corporativo
146,Dr. Indira Corral,lsanabria@hotmail.com,1-219-043-1169x773,Individual
147,Timoteo Hernán Ceballos Contreras,jaqueline90@laboratorios.com,(075)581-4103,Corporativo
148,Dr. Modesto Quiñones,pedrazamauro@yahoo.com,03158126912,Corporativo
149,Diego Munguía,anguianoblanca@yahoo.com,870.914.4218,Individual
150,Alberto Roldán,maria-del-carmen86@yahoo.com,1-181-563-3497x5256,Corporativo
151,Ramón Diana Munguía,vigilsantiago@puente.com,+92(4)3055484489,Corporativo
152,Aida Marco Antonio Mota,ana-mariamadrid@hotmail.com,787.542.4939x6739,Individual
153,Nelly Olivia Guzmán,ortizjavier@hotmail.com,(604)028-4222,Individual
154,Sr(a). David Cabrera,jbermudez@gmail.com,1-425-727-1967,Individual
155,Lic. Abel Pabón,alcalaberta@gmail.com,745-704-6517,Corporativo
156,Jorge Amalia Arevalo Márquez,guillermozelaya@yahoo.com,300-669-6092,Individual
157,Lilia Jimínez,aguirrenatalia@hotmail.com,998-792-6928x57522,Corporativo
158,Samuel Alvarado Farías,smuniz@hotmail.com,+74(0)4981119566,Corporativo
159,Mtro. Zoé Villagómez,estelamartinez@laboratorios.biz,437.375.5762x2479,Individual
160,Alejandro Olivárez Alvarado,guillengilberto@yahoo.com,1-657-224-2826x195,Individual
161,Lic. Ignacio Escamilla,araceliveliz@hotmail.com,+15(7)4456328808,Individual
162,María Ruiz Madera,fnoriega@melgar.com,738.150.2285,Individual
163,Jaqueline Bañuelos Abreu,lomelisara@laboratorios.biz,03078298065,Individual
164,Mtro. Anel Abrego,nazariovicente@colon-mateo.com,003-522-4824,Corporativo
165,Víctor Urías Cervantes,elena37@hotmail.com,598-075-1071x19607,Corporativo
166,Sr(a). Hermelinda Tórrez,jose-carlos07@gmail.com,218-346-4679x521,Individual
167,Carlos Castañeda,renteriajose@hotmail.com,1-451-070-6451,Corporativo
168,Laura Fidel Perales Valle,llamaskarina@hotmail.com,07540865543,Corporativo
169,Arturo Juárez,maria-josepalomino@yahoo.com,100-615-6126,Corporativo
170,Alfredo Valadez,victor50@club.net,1-687-334-3373,Corporativo
171,Irma Estela Orellana,qdel-rio@gmail.com,152-225-9468x8229,Corporativo
172,Sr(a). Carmen Barrera,oterogeorgina@laboratorios.com,1-146-774-0697,Corporativo
173,Hilda Espinoza Gastélum,susananoriega@quesada.biz,899.147.7800x74945,Corporativo
174,Rodolfo Elias Dávila de la Rosa,maria73@gmail.com,434-261-3474x2421,Individual
175,Luis Ramón Pulido Solorzano,trinidad44@gmail.com,1-637-466-9682x72973,Corporativo
176,Salvador Julio Almanza,mtirado@hotmail.com,289-518-7811x82357,Corporativo
177,Lic. Fidel Olivo,mateoolivia@valencia.com,(823)529-1169x3827,Corporativo
178,Mtro. Rodrigo Tapia,fuenteselena@ibarra.com,(346)009-0455x3247,Corporativo
179,Armando Jaime Zamora,concepcion31@proyectos.org,(195)212-9221x677,Individual
180,Soledad Elena Pantoja Rivera,humbertojiminez@yahoo.com,1-053-601-7272,Individual
181,Wilfrido Barela Estrada,barrazahomero@hotmail.com,556.243.7695x178,Corporativo
182,Hernán Felipe Guerrero,roquemariana@hotmail.com,1-066-097-8399,Individual
183,Vanesa Felix Mascareñas,marianorazo@yahoo.com,06821514207,Corporativo
184,Óscar Zeferino Gálvez,ivanlira@gmail.com,092.786.0463x273,Corporativo
185,Horacio Farías Ávalos,abigailmelgar@yahoo.com,987-209-4005,Individual
186,María Teresa Valdivia Esquibel,wlucio@yahoo.com,1-928-813-4762x2093,Corporativo
187,Mauricio Leyva,agustinordonez@yahoo.com,546.055.6759,Corporativo
188,Isaac Quesada,citlaliaparicio@valdivia.com,+93(1)0982378157,Corporativo
189,Luis Alejandra Rendón,eyanez@yahoo.com,563-918-4378,Individual
190,Mitzy María Eugenia Alvarado Madrid,montoyajuan-carlos@alonzo.biz,774-187-2378x2845,Individual
191,Leonardo Uriel Olvera Leiva,kpalomo@caldera-de.org,(176)152-7066x941,Individual
192,Itzel Guevara Gaytán,darriaga@industrias.info,711-410-8618,Individual
193,Ramón Gabriela Gutiérrez,ihuerta@industrias.com,790-433-1127,Corporativo
194,Federico Carmona,icortes@yahoo.com,(660)268-7793x84875,Individual
195,María Teresa Amalia Aguilar Prieto,nayeli53@gmail.com,04436991995,Individual
196,Sessa Uribe,felipe55@rios-orozco.com,1-861-718-1051x7249,Individual
197,Miriam Rangel,menaconcepcion@carreon-castillo.biz,(430)378-4101,Individual
198,Vicente Adela Camacho,solanojudith@gmail.com,(086)268-5410x99193,Corporativo
199,Lic. César Carranza,esparta23@yahoo.com,(230)651-4904x979,Corporativo
200,Dr. Daniela Garica,eberrios@yahoo.com,(570)451-4431,Corporativo
201,Karina Teodoro Orosco Ramos,francisca25@cortes.net,1-736-531-8588x43762,Corporativo
202,Lic. Jerónimo Téllez,agustin13@vasquez.com,+78(4)7997239757,Corporativo
203,Augusto Víctor Bueno Ortega,qnevarez@hotmail.com,(675)370-1199,Individual
204,Luz Pichardo León,mendozaberta@cisneros.net,959.677.0625x451,Individual
205,Lic. Arcelia Jimínez,zverdugo@pena-delgado.info,1-651-029-3883,Corporativo
206,Olga Alemán Puga,alejandro27@vigil.org,156-909-0043x2445,Corporativo
207,Felipe Elisa Hernandes Holguín,obriones@grupo.org,08152238147,Corporativo
208,Asunción Araceli Flórez Rael,raeldiego@yahoo.com,814-905-4760,Corporativo
209,Nadia Clemente Saucedo Segura,arojas@industrias.com,925-077-5757,Corporativo
210,Leonel Miranda Cabrera,gaonasamuel@hotmail.com,553.369.4412x363,Individual
211,Óscar Ricardo Dueñas,ariadnaverduzco@gmail.com,401.021.0646x612,Individual
212,Alfredo Ferrer,marco-antoniobravo@gmail.com,895.958.7928x422,Corporativo
213,Claudio Dulce María Lemus,wzayas@paredes-aleman.net,1-136-592-1903x339,Individual
214,Esperanza Juan Carlos Avilés Baeza,xsaucedo@gmail.com,032-517-6782x96912,Corporativo
215,Alta  Gracia Maya,fpuente@gmail.com,228.050.9308,Corporativo
216,Jacobo Lorena Puga,aldo51@nunez-aguilera.com,293-917-9695x22932,Corporativo
217,Ricardo Rebeca Partida Toro,hugomarin@hotmail.com,(870)118-6398x351,Corporativo
218,Ing. Bruno Pizarro,rendonjeronimo@villegas.com,1-122-314-1944x009,Corporativo
219,Marisela Bonilla,teranaldo@yahoo.com,1-349-030-5986x25609,Corporativo
220,María Eugenia Lemus,laurarosario@vela-reyes.com,233.133.3757x2452,Corporativo
221,Liliana Estefanía Linares Macías,eelizondo@hotmail.com,908.225.1674,Corporativo
222,Carlota Paz Vela,ojedacarmen@despacho.info,05778922594,Individual
223,Vicente Nevárez Gaitán,gustavo55@calvillo.com,1-217-189-2106,Corporativo
224,Salma Jimínez,victoria39@hotmail.com,074.064.8209,Corporativo
225,Sr(a). Magdalena Sosa,bvillareal@corporacin.com,1-857-757-4975,Individual
226,Ignacio Gálvez Hernández,julio-cesar72@grupo.org,(192)413-7361x7216,Corporativo
227,Eugenio Alonso,susanacantu@baez.info,017-706-2071x47332,Corporativo
228,Ing. Ana Grijalva,karlasauceda@gmail.com,331.660.5050,Individual
229,Mtro. Angélica Galindo,madrigalluis-miguel@yahoo.com,915.475.2136x848,Individual
230,Lic. Abel Serrato,jorgedelgadillo@yahoo.com,780.722.7943x92115,Corporativo
231,Verónica Contreras Cintrón,araceli96@lebron.org,558.823.0928x6429,Individual
232,Marcos Hurtado Roque,egarica@gmail.com,252.723.2421x15569,Individual
233,Dr. Jaime Valdivia,laureanoilse@yahoo.com,879-425-1901,Individual
234,Benito Gálvez Bustamante,rodrigo35@sanchez.com,00926155681,Individual
235,Sergio Nelly Sevilla de la Torre,gregoriolemus@grupo.net,(030)596-4230,Individual
236,Nayeli Vélez Jaimes,matamitzy@hotmail.com,552-435-2513x545,Individual
237,Abril Loya,tomasgracia@gmail.com,990-381-7126,Individual
238,Gloria Marcos Regalado,quintanillalucas@hotmail.com,860-215-8135x62205,Corporativo
239,Micaela Augusto González Caldera,florencia72@vasquez-alcala.com,(834)735-8912,Corporativo
240,Antonia Murillo,abelardo78@gaitan.info,1-561-665-6738x01362,Individual
241,Isabela Montes Domínguez,dulcenegron@hotmail.com,386.541.8267x1953,Individual
242,Natividad Padrón Medrano,urbinanadia@gmail.com,1-819-171-6026,Corporativo
243,Cristal Javier Terán Mora,tgarrido@archuleta.info,09414629353,Individual
244,Sr(a). Ivonne Vela,pedrodiaz@hotmail.com,1-807-898-9316,Corporativo
245,Zeferino Hernán Luna Zapata,mareswilfrido@hotmail.com,+27(5)5178860830,Individual
246,Dr. Úrsula Sanches,rasconcarolina@despacho.net,531.794.9518x22261,Corporativo
247,Mtro. Isabela Garay,estefaniairizarry@raya.com,1-366-647-0692,Corporativo
248,Julio Mateo Corral,juan-carlos81@corporacin.com,+96(0)4349516612,Individual
249,Minerva Débora Serna Calderón,vsolorzano@hotmail.com,1-616-646-6662x791,Corporativo
250,Celia Ángel Jaramillo,maria-teresa35@perales.org,(701)637-6233,Corporativo
251,Adela Frías,diego56@grupo.com,(993)528-2658,Corporativo
252,Sr(a). Ivonne Alfaro,juanacarrasco@industrias.info,(532)877-2459x8471,Corporativo
253,Nayeli Rosario Serna,violeta09@iglesias-garay.com,(022)763-6499x156,Individual
254,Noemí Olmos,hromero@griego.net,132.147.1376x168,Individual
255,Violeta Peralta,lgarcia@gmail.com,788-129-5079,Corporativo
256,Esther Yeni Sevilla Toro,patricia53@industrias.com,(682)374-7523x1347,Individual
257,Sr(a). Andrea Méndez,juan38@uribe.com,216-622-8931x54546,Corporativo
258,Ángela Guerra Rivas,zbenavides@yahoo.com,+93(6)9498066837,Individual
259,Oswaldo Esther Arredondo,saravillarreal@gmail.com,737.285.4138x4836,Individual
260,Conchita Espinoza,silvano92@corporacin.com,(538)614-3165x32863,Individual
261,Lic. Blanca Granados,ebeltran@gmail.com,1-524-914-8031x9720,Corporativo
262,Sr(a). Vicente Reyes,vasquezalonso@hotmail.com,802-571-4393x8162,Individual
263,Alfonso Prado Serna,ynegrete@hotmail.com,06740942900,Corporativo
264,Esteban Marcos Gaitán Godínez,bmontano@hotmail.com,524.855.3665x29488,Corporativo
265,María Elena Mariana Espinal Jiménez,claudiocavazos@yahoo.com,1-231-662-1234,Individual
266,Dr. Hermelinda Zedillo,sessanevarez@reynoso-saldivar.com,(405)308-8692,Individual
267,Barbara Cantú,carlosfarias@yahoo.com,(276)445-3417x18067,Individual
268,Lic. Isabela Medina,villegasmaria-eugenia@hotmail.com,219.878.7980x92547,Individual
269,Jorge Rocha,aidaespinoza@gmail.com,365-342-1049x13799,Individual
270,José Eduardo Gurule,xmarin@yahoo.com,1-242-486-4400x1837,Corporativo
271,Conchita Natalia Saucedo,xparedes@corporacin.com,1-503-476-6829x4837,Corporativo
272,Mtro. Timoteo Rosado,jaquelinevillasenor@osorio.biz,583.443.4662x196,Corporativo
273,Camilo Morales,mmendez@yahoo.com,433-532-1344x973,Corporativo
274,Lic. Alejandro Varela,david20@aragon.com,1-337-572-9052x04462,Corporativo
275,José Eduardo Ruiz Brito,ivonnesierra@hotmail.com,1-807-468-0054,Individual
276,Olga Guadalupe Nieves Granado,olivasgregorio@hotmail.com,+59(4)8801149760,Individual
277,Estela Irene Lozada Reséndez,escobarnelly@granados.com,1-761-591-7131,Individual
278,Delia Maximiliano Paz,wsaiz@ramon.com,+50(7)4396792707,Individual
279,Lic. Daniela Guajardo,francisca05@hotmail.com,533-934-6103,Corporativo
280,Adalberto Arroyo,jonas40@hotmail.com,291-218-1716,Corporativo
281,Lic. Julio Arriaga,caballeroariadna@yahoo.com,(955)448-4131x06552,Corporativo
282,Inés Madrigal,xsalas@granados.org,503-864-6887x6064,Individual
283,Rubén Felipe Leiva,oscararevalo@laboratorios.com,1-527-739-4851x01772,Corporativo
284,Bernabé Madera,espartaco43@pelayo.com,1-160-900-8983,Corporativo
285,Aldonza Gutiérrez Ríos,eloisabriseno@yahoo.com,890-360-0848x50055,Corporativo
286,Natividad Merino,jaime57@industrias.com,+65(5)3151672807,Individual
287,Benjamín Piña,rodriguezmariana@hotmail.com,951-900-6465x64423,Individual
288,Ramón Ordóñez,mauro80@industrias.com,06045728769,Individual
289,Ing. Hugo Vázquez,raulrazo@yahoo.com,1-409-380-6600x37118,Corporativo
290,Joaquín Tamayo,estelaborrego@industrias.com,602.139.4545,Corporativo
291,Gustavo Verduzco,dianaguerrero@gmail.com,(263)754-9208,Corporativo
292,Anabel Gómez Moya,yanezalfonso@gmail.com,(447)066-3326,Individual
293,Yolanda Mariano Sanches Galarza,eva95@escobar-hernadez.biz,1-337-532-0728,Individual
294,Martha Minerva Ocampo Gurule,jaquelinebeltran@arellano.net,1-782-048-5649,Individual
295,Augusto Ruby Ulibarri,violeta10@corral.com,(324)172-5611,Corporativo
296,Roberto Mesa Palomino,pamelavazquez@yahoo.com,028-341-2522x8253,Individual
297,Federico Jorge Luis Gil Pantoja,ubustamante@hotmail.com,060-635-2831x18310,Individual
298,Renato Guadalupe Mireles Terrazas,kcarrasco@corporacin.biz,02888423948,Individual
299,Itzel Marisol Gurule Rincón,galmanza@collado-de.biz,476-484-4295,Individual
300,Bernardo Abel Valdivia Lomeli,psolano@gmail.com,606.983.0330x820,Individual
301,Minerva Zayas,hbustos@escobedo.com,602-646-2437,Individual
302,Sr(a). Miguel Ángel Cavazos,agustinpuente@gallegos-bustamante.biz,08445449272,Individual
303,Alberto Camilo Llamas Arriaga,abelardoestevez@gmail.com,08053518132,Individual
304,Ing. Norma Guerra,pedrazadolores@rivera.com,618.601.5270,Individual
305,Elvia Itzel Mata,talonso@proyectos.com,1-073-453-7924,Corporativo
306,Gerardo Griego Terrazas,luis-manuel72@gmail.com,1-509-231-2677x458,Corporativo
307,Tania Concepción Tamez,guillerminacontreras@hotmail.com,(849)111-3147x451,Individual
308,Aurelio Rojas,yolanda94@laboratorios.com,(634)034-3886x2104,Corporativo
309,Arturo Macías,gregoriosauceda@corporacin.com,+38(9)3434224709,Corporativo
310,Modesto Rolón Vallejo,jimenezignacio@gmail.com,+67(0)7963684604,Individual
311,Víctor Arevalo Tejeda,rolando94@industrias.com,933-179-6643,Corporativo
312,Patricia Luis Miguel Curiel Munguía,carlos39@hotmail.com,287.900.6088x602,Corporativo
313,José Manuél Mercado,nleiva@gmail.com,+10(8)9685689422,Corporativo
314,Ing. Gregorio Alba,pichardoisrael@gmail.com,1-370-744-8402x30769,Individual
315,Aldo Ibarra Amaya,faleman@yahoo.com,054.075.6856,Corporativo
316,Bruno Alba Alvarez,pascual98@corporacin.org,(645)325-3301,Corporativo
317,Mtro. Abelardo Ramírez,jaramillovanesa@club.com,721.547.8043x44798,Corporativo
318,Miguel Ángel Centeno Abrego,gabriel39@gmail.com,652.934.3841x7659,Corporativo
319,Ana Luisa Sofía Zamora,salcidohumberto@nevarez.com,439.128.9393x66855,Corporativo
320,Adán Renato Urbina,avilesmauro@ozuna.com,(349)023-2573x92457,Individual
321,Estela Eloisa Benítez Escalante,qcarrasco@hotmail.com,1-983-848-4614,Individual
322,Lic. Ana Guevara,armentacarla@serna-mascarenas.biz,(467)614-2562x779,Corporativo
323,Ricardo Arturo Negrete Tirado,leyvageorgina@proyectos.com,(262)903-0829x1165,Corporativo
324,Eva Esteban Fernández,zcastellanos@hotmail.com,382-297-7240x43671,Corporativo
325,Dr. Elvira Caldera,velazquezzeferino@ceballos.info,1-042-893-9719x6891,Individual
326,Juana Alejandra Segovia,garciamaria-cristina@acevedo.biz,045.367.4968x7207,Corporativo
327,Irene Polanco,tgalarza@mendoza.net,626.166.6557x2031,Corporativo
328,Carlota Zúñiga Rael,nmenendez@robles.com,950.879.9920x584,Corporativo
329,Lorenzo Natalia Rodarte Iglesias,guillermina85@gmail.com,868.949.8134x54595,Individual
330,María Mena Zúñiga,vparedes@gmail.com,+13(3)6897910663,Individual
331,Lic. María Luisa Cano,veronica94@esquivel-palomino.com,468-751-9714x07024,Corporativo
332,Marco Antonio Ordóñez Villanueva,sesquivel@corrales.net,020-977-4945x4369,Individual
333,Nicolás Reynaldo Zamudio Segura,arandafernando@ortega-bonilla.net,(166)022-9166,Individual
334,Mtro. Luz Sáenz,xalmanza@club.com,(049)050-3304,Individual
335,Ana María Daniela Piña,sara73@grupo.info,375.744.6326x075,Corporativo
336,Óscar Muro,benito87@gmail.com,05121608737,Individual
337,José Eduardo Díaz Domínguez,alta-gracia25@proyectos.com,084-005-1488x43443,Individual
338,Sr(a). Julio César Quezada,colonesperanza@yahoo.com,1-427-259-8341x3958,Corporativo
339,Adán Zeferino Terrazas,dolores29@yahoo.com,(680)515-1513x487,Corporativo
340,Lourdes Eloy Rodrígez Jiménez,marroquinjose-manuel@cabrera-mares.com,1-141-152-7113,Corporativo
341,Micaela Fernando Valadez,angelasosa@laboratorios.com,538-453-1984,Individual
342,Irene Armando Carvajal Rolón,ulibarrifrida@despacho.com,624.746.0779x47160,Corporativo
343,Lic. Virginia Tejeda,marisolbarreto@yahoo.com,+18(4)0342372761,Individual
344,Eloy Cardenas Marín,qgamez@proyectos.com,(540)117-5397,Corporativo
345,Noemí Alvaro Carreón Vergara,vieraamelia@hotmail.com,1-796-279-3548,Corporativo
346,Virginia Ulloa,isabelacuriel@corporacin.biz,(860)107-9820x1517,Individual
347,Ing. Guillermina Cavazos,ddelgadillo@tejada.com,(528)387-4105x303,Individual
348,Octavio Adán Tello,debora74@mojica-de.com,182-941-4498x86145,Corporativo
349,Berta Eloisa Rosas Toledo,arteagadiana@gmail.com,242-793-5021,Individual
350,Mtro. Darío Bétancourt,bjiminez@corporacin.com,(833)768-5025x3791,Corporativo
351,Emilio Guevara Barreto,kybarra@villareal-alvarado.org,915-422-8762x61904,Individual
352,Diana Silvano Ceja,aguirregerman@yahoo.com,1-243-793-5923,Corporativo
353,Darío Carrera Holguín,hcotto@hotmail.com,581-259-7197x9137,Individual
354,Amelia Bianca de la Torre,alicia08@yahoo.com,676-086-4470x770,Individual
355,Ing. Nadia Echeverría,jiminezmagdalena@hotmail.com,1-117-498-8857x9173,Corporativo
356,Gilberto Sosa Casares,felix63@yahoo.com,688.344.5019x8101,Individual
357,Adriana Mateo Perea,gabinomata@yahoo.com,018-872-8832x10053,Corporativo
358,Dr. Ramiro Caraballo,rosariochapa@crespo-lerma.biz,041-579-8403,Individual
359,Gerardo Mata,rodolfolebron@club.com,1-618-407-1044,Individual
360,Maximiliano Patricio Véliz,smares@aviles.info,915-672-4547x44568,Corporativo
361,Miriam Carrera,palomopatricia@industrias.info,679.646.1983x43207,Corporativo
362,Mtro. Jacinto Tirado,silvano51@club.net,09500449685,Individual
363,Camilo Valladares,contrerasdulce@hotmail.com,(316)437-0189x513,Individual
364,Mtro. Clemente Cabrera,josemata@club.info,(872)148-9571,Corporativo
365,Ing. Zoé Gaona,fpartida@club.com,041-433-2084x958,Individual
366,Felix Ofelia Jaime Palacios,rufino95@ortiz-escobar.net,1-758-715-0553x6681,Corporativo
367,Guillermina Zeferino Matías Collado,aliciamerino@marroquin.biz,1-002-775-1768,Individual
368,Horacio Bernal,pedro57@hotmail.com,06286309712,Individual
369,Nadia Miranda Santacruz,rvillasenor@gmail.com,359-607-3663,Corporativo
370,Araceli Rendón Negrón,aldorangel@hotmail.com,09783593954,Individual
371,Germán Ofelia Mireles Calderón,reina72@cisneros-olivares.com,(855)876-3530x9603,Individual
372,Mtro. Sonia Meléndez,karlamaya@hotmail.com,(959)304-1437,Corporativo
373,Nadia María Elena Loya,carranzajosefina@malave-navarro.com,1-402-516-6876x29928,Corporativo
374,Gustavo Macías Apodaca,concepcion04@industrias.com,999-075-0305x764,Individual
375,Ofelia León,marcosjaimes@yahoo.com,1-676-330-2317x0501,Individual
376,Dr. Marisol Marrero,jose-carlos75@guerra-matias.com,+86(4)8592641846,Individual
377,Gabino Eva Rocha Galindo,badillomariano@laboratorios.com,694.558.9122,Corporativo
378,Nelly Susana Quintero Beltrán,robledoolga@hotmail.com,(131)344-6734,Individual
379,Soledad Valles,graciela88@paez-gomez.com,(626)026-2256x48848,Corporativo
380,Óliver Cristian Villegas Pantoja,svaldivia@club.com,1-845-714-9697,Corporativo
381,Diana Esteban Escobar,cnavarro@montemayor-carrasco.com,(533)160-4480,Corporativo
382,Uriel Tello Sánchez,del-vallevictoria@gmail.com,1-812-353-1124x83884,Individual
383,María del Carmen Óscar Zúñiga Quintana,barreraignacio@yahoo.com,(180)786-3597x4500,Individual
384,José Manuél Aldo Rojo Perea,carlos51@hotmail.com,1-279-501-2805,Individual
385,Samuel Sanches,cervantezbenito@club.info,09385162568,Corporativo
386,Liliana Lozada,zapatacarla@quesada.com,017-581-8554,Individual
387,Salma Elvira Jaimes,mojicaangel@yahoo.com,(284)933-4542x638,Corporativo
388,Manuel Lerma Camarillo,gerardo99@industrias.biz,876.657.2805x5729,Individual
389,José María Rosa Hernández Pulido,clara32@yahoo.com,(375)636-7749,Individual
390,María Teresa Laboy,barreragonzalo@proyectos.org,(822)520-5161x3474,Corporativo
391,Francisco Javier Garibay,margarita82@gmail.com,878-633-1277x217,Corporativo
392,Dr. Vanesa Uribe,quesadaabraham@hotmail.com,1-614-792-4139,Corporativo
393,Camila Palomino,zbarraza@hotmail.com,1-548-314-5609x8558,Individual
394,Dr. Elisa de la Torre,vanesanunez@gmail.com,(292)756-9323x2539,Corporativo
395,Óliver Becerra Cervantes,qgallardo@hotmail.com,728.176.9643,Corporativo
396,Samuel Prado,jorge-luisescobar@despacho.org,178.155.4761,Individual
397,Lic. Ramiro Guerrero,rociocedillo@gmail.com,(034)786-5078x859,Corporativo
398,Javier Botello,bguillen@proyectos.com,(045)967-0174x40244,Corporativo
399,María Eugenia Varela Olivera,camposolivia@cordero-sevilla.com,375-800-0315x280,Individual
400,Ernesto Mitzy Barajas Murillo,eulloa@despacho.net,462-035-1631x7286,Individual
401,Ing. Juan Verduzco,diana88@del.com,1-321-005-6094,Corporativo
402,René Espartaco Ulibarri Escobar,bernabe26@proyectos.com,(264)440-8603x49853,Corporativo
403,Norma Alonso Villareal,jacinto67@jiminez.com,(891)209-8121x9624,Corporativo
404,Virginia Godínez Villaseñor,anelsalcedo@abrego-lerma.com,1-148-999-4390x8636,Corporativo
405,Rafaél Galindo Carrero,eugenia28@mascarenas.org,(205)951-2707,Corporativo
406,Rodrigo Godoy Esquibel,gironemilio@amaya.com,+05(6)7644781191,Individual
407,Bernabé Rebeca Montemayor,bsalgado@bermudez-olvera.org,158.975.0011x4994,Individual
408,Luis Gabriela Matos,palominogabino@hotmail.com,950.421.4682x6700,Individual
409,Florencia Perales Leiva,tsolorzano@yahoo.com,343.328.9288x64891,Corporativo
410,Mtro. Arcelia Alejandro,esperanzanegrete@ramirez.com,(551)563-6853x1404,Corporativo
411,Rolando Zayas Barreto,leonel28@saavedra.com,444.449.0464x9952,Corporativo
412,Sr(a). Salma Arias,abrahamnaranjo@hotmail.com,963.312.8213x813,Corporativo
413,Paola Sandoval,albagabriela@corporacin.com,+19(8)1612361892,Corporativo
414,Carlos Ramón Domínguez Urbina,fariasmanuel@baez-alejandro.com,(784)796-7552x581,Corporativo
415,Germán Julio César Ávalos Casanova,tpaez@gmail.com,1-687-193-6516x01559,Corporativo
416,Paola Montemayor Ornelas,virginia13@proyectos.biz,1-087-802-9214,Corporativo
417,Bernabé Huerta,jaquelinehidalgo@yahoo.com,190-580-3033x83637,Corporativo
418,César Indira Villalobos Gurule,espartaco58@nunez-valles.org,723.748.3805x861,Individual
419,Pedro Berta Nieves Feliciano,calarcon@gmail.com,902.117.1447x044,Individual
420,Miriam Elsa Varela,usalcido@yahoo.com,723.190.2655x1302,Individual
421,Elvia Madera Hurtado,nayeli71@yahoo.com,063.484.4007x933,Corporativo
422,Noemí Dalia Acuña Melgar,perla99@caldera.org,054-837-9970,Corporativo
423,Pamela María Luisa Pabón,samuel83@yahoo.com,+44(7)6304161465,Corporativo
424,Mariana Elvira Corral,carlotaorta@proyectos.org,(703)210-9219,Corporativo
425,Humberto Arredondo Partida,xcardona@yahoo.com,586.161.4145x7975,Individual
426,Perla Mares Barreto,hilda33@despacho.biz,(951)443-0405x0434,Corporativo
427,Andrés Cabrera Olivares,vasquezcornelio@hotmail.com,329.358.9864x5256,Corporativo
428,Nelly Herrera,elvia05@hotmail.com,1-145-668-4836,Individual
429,Hernán Cristian Flórez Quintanilla,wzaragoza@hotmail.com,+62(5)6335741935,Corporativo
430,Francisco Javier Navarrete Hidalgo,mario53@despacho.com,1-833-059-7115,Individual
431,Carolina Angélica Baca Rael,sonia34@hotmail.com,(615)371-5835,Individual
432,Mauro Piña,velavicente@otero.org,1-138-395-7499,Corporativo
433,Estefanía María Eugenia Archuleta,jalonso@fernandez-mata.com,036-601-1962x53196,Individual
434,Mtro. René Hernández,nalba@gmail.com,1-326-162-8882x4953,Corporativo
435,Hilda Estévez,ilara@hotmail.com,(601)673-5764,Corporativo
436,Bernardo Bétancourt,palva@gmail.com,015.220.3538x2737,Corporativo
437,Lic. Gerardo Maldonado,agustin86@madrigal.biz,(937)719-4495x140,Corporativo
438,Óscar Octavio Valentín,dvaldes@aviles-serna.com,046-153-9715x4024,Corporativo
439,Trinidad Arteaga Anguiano,normacamacho@guardado.com,890-993-4202,Individual
440,Enrique Teodoro Lebrón,leonel31@cortes.info,123.894.0014x501,Corporativo
441,Aurora Vicente Terán Urbina,susana12@orellana.com,706.403.5263x289,Individual
442,Mateo Fidel Delgado,humbertovalentin@hinojosa.com,02659056353,Individual
443,Pascual Sonia Naranjo Cortez,olmosjorge-luis@cotto.org,105-762-1013x8141,Individual
444,María Raúl Anaya Covarrubias,margarita03@hotmail.com,164-244-8883x559,Individual
445,Ing. José Carlos Oquendo,rgranado@hotmail.com,376.505.9113,Corporativo
446,Esther Paola Vera,rene80@despacho.com,04549295681,Corporativo
447,Lic. Virginia Maya,cynthia31@grupo.com,1-459-151-7989x742,Corporativo
448,Sr(a). Pilar Rodríquez,victoriarivas@gmail.com,1-568-659-2055,Individual
449,César Jorge Cadena,jaquezolga@gmail.com,(605)495-1638x5802,Individual
450,Óliver Muñiz Vélez,maria-luisairizarry@grupo.com,07207680359,Corporativo
451,Silvano Esmeralda Ceja Rivero,arriagaemilia@grupo.com,209-428-0790,Corporativo
452,Perla Rubén Vera Rivas,ana-mariacornejo@yahoo.com,(509)139-7419,Corporativo
453,Noemí Camila Granados Aranda,leonor24@munoz.com,(674)699-2496x478,Individual
454,Graciela Bustos Apodaca,lovatozeferino@grupo.com,1-201-169-2352x760,Individual
455,José Emilio Eva Beltrán,judithcarrion@gmail.com,410-755-7066,Corporativo
456,Caridad Mares Guerra,maytebonilla@olmos-mojica.com,04529676816,Corporativo
457,Cristina Nava Barrientos,abelardobustamante@duenas.com,166-261-4435,Individual
458,Andrea Jaime Guillen Caballero,slugo@lucero.com,043.362.4911x425,Individual
459,Rosalia Miriam Casárez,falcantar@hotmail.com,03641889830,Corporativo
460,Tania Daniela Badillo Montenegro,qcano@yahoo.com,1-121-304-1572,Individual
461,Bernabé Guillen,jose98@duarte-amador.com,754-737-4740,Individual
462,Santiago Cazares Salcedo,porfiriopuente@laboratorios.biz,130.915.4540x6135,Individual
463,Mtro. Noelia Cepeda,urenaruby@yahoo.com,565.147.4294x57809,Individual
464,Alma Irene Urrutia,alfonso17@guajardo.biz,(014)862-2315x6236,Corporativo
465,Lilia Ceballos,kgastelum@grupo.com,(464)908-1701x4811,Corporativo
466,Jaime Mitzy Puente,agaray@leal-ceja.com,1-535-171-4402x5898,Corporativo
467,Aurora Gerardo Bravo,violetacisneros@jiminez-ozuna.biz,493-825-1500x35227,Corporativo
468,Julio Villarreal,carlasoto@proyectos.com,722.294.4354x4257,Individual
469,Leonardo Mariano Iglesias,tortiz@hotmail.com,029-104-5743,Individual
470,Yolanda Alejandro Vela,carreroamador@hotmail.com,1-397-975-8771x6262,Corporativo
471,Lic. Homero Delgadillo,esperanzamuro@naranjo-ocampo.com,(112)414-2990,Corporativo
472,Ángela Elvira Trejo Lemus,cottokarina@mayorga.info,1-746-448-9684,Individual
473,Gloria Correa Zambrano,clementeolivo@gmail.com,1-991-588-9468x4291,Corporativo
474,Ivonne Fidel Lucero Campos,guadalupe62@proyectos.com,+81(3)6928488980,Individual
475,Sr(a). Perla Posada,micaela69@fuentes.info,335-643-7240x00410,Corporativo
476,Adán Beltrán Benavides,pescobedo@industrias.biz,049.646.5741x4673,Corporativo
477,Indira Montoya,burgosmayte@hotmail.com,(556)447-0028x6020,Individual
478,Isabel Marisela Archuleta Luevano,verarufino@hotmail.com,938.818.2814,Corporativo
479,Mtro. Norma Villa,yeni55@gmail.com,785-574-7133x9498,Corporativo
480,Trinidad Isabel Mora,eduardo57@palomo.biz,1-118-170-8860x595,Corporativo
481,Esperanza Caballero,archuletaclara@hotmail.com,405-438-4562,Individual
482,Ing. Julio César Cantú,torooliver@gmail.com,(169)910-9321x56804,Corporativo
483,Rufino Jurado Alejandro,fabiolaojeda@yahoo.com,1-819-484-0716x5596,Corporativo
484,Cristal Portillo,aulloa@yahoo.com,09992276583,Corporativo
485,Sandra Raquel Hidalgo Rosado,ununez@zambrano.org,141.548.2713x3597,Corporativo
486,Jorge Luis Ernesto Valadez,avillasenor@proyectos.com,(478)304-7487x6837,Individual
487,Cristina Crespo Saldivar,ravalos@hotmail.com,775-323-7047x35393,Individual
488,Mitzy Olvera Meléndez,clara88@rael.com,(311)887-0635x0493,Individual
489,Yeni Orellana,agustin67@yahoo.com,1-234-514-4138x3897,Individual
490,Dr. Elsa Mireles,tomas06@hotmail.com,188-563-9401,Individual
491,Jos Arevalo,matacarolina@grupo.com,06459606031,Individual
492,Sr(a). Irene Lomeli,pmadrid@yahoo.com,751-661-0643x64077,Individual
493,Federico Pelayo,benjaminbalderas@hotmail.com,154-616-5962,Individual
494,Porfirio Portillo,beatrizmeraz@gmail.com,1-413-853-2106x15713,Individual
495,Abel Ariadna Acuña,marisolcorrales@gmail.com,(373)961-6477x891,Corporativo
496,Pilar de Anda,julio82@yahoo.com,215.109.8142x254,Corporativo
497,Sr(a). Jonás Barela,itzelrivas@despacho.com,(819)472-4327,Individual
498,Rafaél Ariadna Rosario Carranza,virginiaalva@solorzano-lara.com,633-042-1350x07645,Corporativo
499,Elvira Cynthia Menéndez Lozano,javier42@yahoo.com,1-635-226-2945x092,Corporativo
500,Evelio Jacinto Muñoz Alonzo,bcortez@hotmail.com,02134904333,Individual
